kyshu@usc.edu/Kevin/kyshu/false/false
angieyan@usc.edu/Angie/AngiePassword/false/false
irizawa@usc.edu/Ryo/Itp265Fall2021/false/false
dgiorget@usc.edu/Devin/trojans/false/false
cicichan@usc.edu/Cici/HeyitsCici/false/false
evicente@usc.edu/Ethan/ILoveLucy/false/false
akkarwal@usc.edu/Anay Karwal/basketball102$$/false/false
rbieker@usc.edu/Rane/69funnyPassword69/false/false
truongsa@usc.edu/Samantha/struong17/false/false
yepeiyin@usc.edu/Peiying/8473stella/false/false
chengaar@usc.edu/Aaron/trojan/false/false
johnwatt@usc.edu/Jack/chillydog/false/false
scbautis@usc.edu/Sarah/SAMASmasam123!/false/false
sanc735@usc.edu/Roberto/johncenarulez1/false/false
tbarrick@usc.edu/Timothy/usc1998/false/false
msabharw@usc.edu/Moose/ubrsucks123/false/false
labounko@usc.edu/Timothy Labounko/ilovewaffles/false/false
idrees@usc.edu/Ammar/IAcode123/false/false
loonker@usc.edu/Jai/fakepasswordstring/false/false
bkoh@usc.edu/Bryan/ilikepizza123/false/false
moratti@usc.edu/Isabelle/snowball/false/false
baperez@usc.edu/Brianna/Pickles100/false/false
derekli@usc.edu/Derek/LAFakers/false/false
kdpatel@usc.edu/Kirt/pizza1/false/false
cchen370@usc.edu/Christine/1001/false/false
chenjohn@usc.edu/Johnny/password/false/false
jennyjia@usc.edu/Jenny/wasd@0024_BR3AD/false/false
atka@usc.edu/Ashley/abc123/false/false
seddon@usc.edu/Katy/password/false/false
kevinyua@usc.edu/Kevin/kevin2002/false/false
mbbarber@usc.edu/Matthew/javaissofun/false/false
wutheodo@usc.edu/Theodore/helloWorld123/false/false
ykweon@usc.edu/Raina/password/false/false
mjbarber@usc.edu/Maxwell/v3ryc001/false/false
mhamdi@usc.edu/Madiha/hello/false/false
lschafer@usc.edu/Lucy/MyDogMyra/false/false
hernanso@usc.edu/Hernan/BirthdayToday(=4687128/false/false
lmchu@usc.edu/Lauren/yummygummy123/false/false
brasesco@usc.edu/Jack/Password54321/false/false
paturi@usc.edu/Abhijay/Jay123/false/false
rtakemot@usc.edu/Reece/iloveitp265/false/false
znorthro@usc.edu/Zach/beepboodeebop/false/false
rrhernan@usc.edu/Riley/hihihi/false/false
exzhang@usc.edu/Easton/asdfqwer/false/false
lin087@usc.edu/Jamie/JavaFall2021/false/false
alvinahn@usc.edu/Alvin/carrot29/false/false
janeczek@usc.edu/Kristen/kjcoolj2023/false/false
jslim@usc.edu/Julia/apple45/false/false
makawi@usc.edu/Sara/uscitp265/false/false
sgimenez@usc.edu/Stephanie/password123/false/false
jjyoo@usc.edu/Joshua/password/false/false
jjw37795@usc.edu/Jackson/password/false/false
lejinfan@usc.edu/Jin/<3/false/false
liyanggu@usc.edu/Liyang/fAk3P8sSw0rD5TrIn9/false/false
ljalexan@usc.edu/Lane/Cheesecake/false/false
kailongw@usc.edu/Kailong/kailongw123/false/false
knmirpur@usc.edu/Krishina/pizza101/false/false
fabular@usc.edu/Jaron/iloveturtles1234$/false/false
joshuajcyoo@gmail.com/Joshua/iloveparties/false/false
jjnaranj@usc.edu/Jessica/J3002172284jN!/false/false
ashleyrose@gmail.com/Ashley/ihatebunnyhats/false/false